a.d. Tramontana Spain,,,,,,,,,
Abadal Spain,,,,,,,,,
Abarth Italy,,,,,,,,,
Abbott United States,,,,,,,,,
Abbott-Detroit United States,,,,,,,,,
ABC United Kingdom,,,,,,,,,
ABC United States,,,,,,,,,
Aberdonia United Kingdom,,,,,,,,,
AC United Kingdom,,,,,,,,,
Ace United Kingdom,,,,,,,,,
Ace United States,,,,,,,,,
Acme United States,,,,,,,,,
Acura Japan,,,,,,,,,
Acura United States,,,,,,,,,
Adams United Kingdom,,,,,,,,,
Adams-Farwell United States,,,,,,,,,
Adler Germany,,,,,,,,,
Aero Czech Republic,,,,,,,,,
Aero Minor Czech Republic,,,,,,,,,
Aerocar United States,,,,,,,,,
AGA Germany,,,,,,,,,
Aixam France,,,,,,,,,
Ajax United States,,,,,,,,,
AJS United Kingdom,,,,,,,,,
Aland United States,,,,,,,,,
Alba France,,,,,,,,,
Albany United States,,,,,,,,,
Albert United Kingdom,,,,,,,,,
Albion United Kingdom,,,,,,,,,
Alco United States,,,,,,,,,
Alda France,,,,,,,,,
Alfa Italy,,,,,,,,,
Alfa Romeo Brazil,,,,,,,,,
Alfa Romeo Italy,,,,,,,,,
Alfa Romeo South Africa,,,,,,,,,
Allard United Kingdom,,,,,,,,,
Alldays United Kingdom,,,,,,,,,
Allen United States,,,,,,,,,
Allen-Kingston United States,,,,,,,,,
Alma France,,,,,,,,,
Alpena Flyer United States,,,,,,,,,
Alpine France,,,,,,,,,
Alta United Kingdom,,,,,,,,,
Alter United States,,,,,,,,,
Alva France,,,,,,,,,
Alvis United Kingdom,,,,,,,,,
AM General United States,,,,,,,,,
Ambassador United States,,,,,,,,,
Ambassador United States,,,,,,,,,
AMC United States,,,,,,,,,
American Bantam United States,,,,,,,,,
American Mors United States,,,,,,,,,
American Simplex United States,,,,,,,,,
American Underslung United States,,,,,,,,,
American United States,,,,,,,,,
Amilcar France,,,,,,,,,
Amphicar Germany,,,,,,,,,
Amplex United States,,,,,,,,,
Anchor United States,,,,,,,,,
Anderson United States,,,,,,,,,
Andre United Kingdom,,,,,,,,,
Angus-Sanderson United Kingdom,,,,,,,,,
Anhut United States,,,,,,,,,
Ansaldo Italy,,,,,,,,,
Antony France,,,,,,,,,
Apollo Germany,,,,,,,,,
Apollo United States,,,,,,,,,
Apperson United States,,,,,,,,,
Aquila Italiana Italy,,,,,,,,,
Arab United Kingdom,,,,,,,,,
Arash United Kingdom,,,,,,,,,
ArBenz United States,,,,,,,,,
Argo United States,,,,,,,,,
Argonne United States,,,,,,,,,
Argus Germany,,,,,,,,,
Argyll United Kingdom,,,,,,,,,
Argyll United Kingdom,,,,,,,,,
Ariel United Kingdom,,,,,,,,,
Ariel United States,,,,,,,,,
Ariès France,,,,,,,,,
Arista France,,,,,,,,,
Armstrong Siddeley United Kingdom,,,,,,,,,
Arnolt United States,,,,,,,,,
ARO Romania,,,,,,,,,
Arrol-Johnston United Kingdom,,,,,,,,,
Art & Tech Japan,,,,,,,,,
Artega Germany,,,,,,,,,
ASA Italy,,,,,,,,,
Asardo United States,,,,,,,,,
Ascari United Kingdom,,,,,,,,,
Ashton Evans United Kingdom,,,,,,,,,
ASL Japan,,,,,,,,,
Aster United Kingdom,,,,,,,,,
Aston Martin United Kingdom,,,,,,,,,
Astra United Kingdom,,,,,,,,,
Atalanta United Kingdom,,,,,,,,,
Atlas United States,,,,,,,,,
Atlas-Knight United States,,,,,,,,,
Atomo Italy,,,,,,,,,
ATS Italy,,,,,,,,,
Auburn United States,,,,,,,,,
Audi Germany,,,,,,,,,
Austin United Kingdom,,,,,,,,,
Austin United States,,,,,,,,,
Austin-Healey United Kingdom,,,,,,,,,
Austro-Daimler Austria,,,,,,,,,
Auto-Union Germany,,,,,,,,,
Autobianchi Italy,,,,,,,,,
Autobleu France,,,,,,,,,
Autocar United States,,,,,,,,,
Autonacional Spain,,,,,,,,,
Autovia France,,,,,,,,,
Avanti United States,,,,,,,,,
AWZ-Zwickau Germany,,,,,,,,,
Aymesa Ecuador,,,,,,,,,
AZLK Russian Federation,,,,,,,,,
B Engineering Italy,,,,,,,,,
b+b Germany,,,,,,,,,
Babcock United States,,,,,,,,,
BAC United Kingdom,,,,,,,,,
Badger United States,,,,,,,,,
Bailey United States,,,,,,,,,
Ballot France,,,,,,,,,
Banker United States,,,,,,,,,
Baojun China,,,,,,,,,
Batten United Kingdom,,,,,,,,,
Bay State United States,,,,,,,,,
Bayliss-Thomas United Kingdom,,,,,,,,,
Bean United Kingdom,,,,,,,,,
Beardmore United Kingdom,,,,,,,,,
Beck Switzerland,,,,,,,,,
Bédélia France,,,,,,,,,
Beebe United States,,,,,,,,,
Beggs United States,,,,,,,,,
Beijing China,,,,,,,,,
BEL United States,,,,,,,,,
Belden United States,,,,,,,,,
Bell United States,,,,,,,,,
Bellanger France,,,,,,,,,
Belmont United States,,,,,,,,,
Belsize United Kingdom,,,,,,,,,
Ben Hur United States,,,,,,,,,
Benjamin France,,,,,,,,,
Bentley United Kingdom,,,,,,,,,
Benz Germany,,,,,,,,,
Berg United States,,,,,,,,,
Bergdoll United States,,,,,,,,,
Berkeley United Kingdom,,,,,,,,,
Berkshire United States,,,,,,,,,
Berliet France,,,,,,,,,
Bertone Italy,,,,,,,,,
Bianchi Italy,,,,,,,,,
Biddle United States,,,,,,,,,
Bignan France,,,,,,,,,
Billy United States,,,,,,,,,
Birch United States,,,,,,,,,
Birmingham United States,,,,,,,,,
Bitter Germany,,,,,,,,,
Bizzarrini Italy,,,,,,,,,
Black Crow United States,,,,,,,,,
BLM United States,,,,,,,,,
Blomstrom United States,,,,,,,,,
BMW Germany,,,,,,,,,
BMW South Africa,,,,,,,,,
BMW-Isetta Germany,,,,,,,,,
Bollée France,,,,,,,,,
Bolwell Australia,,,,,,,,,
Bond United Kingdom,,,,,,,,,
Borgward Germany,,,,,,,,,
Bour-Davis United States,,,,,,,,,
Bowman United States,,,,,,,,,
Bradley United States,,,,,,,,,
Brasier France,,,,,,,,,
Brasinca Brazil,,,,,,,,,
Brewster United States,,,,,,,,,
Bricklin Canada,,,,,,,,,
Brilliance China,,,,,,,,,
Briscoe United States,,,,,,,,,
Brissonneau et Lotz France,,,,,,,,,
Bristol United Kingdom,,,,,,,,,
Britannia United Kingdom,,,,,,,,,
British Salmson United Kingdom,,,,,,,,,
Brough Superior United Kingdom,,,,,,,,,
Brush United States,,,,,,,,,
Brütsch Germany,,,,,,,,,
BSA United Kingdom,,,,,,,,,
Bucciali France,,,,,,,,,
Buchet France,,,,,,,,,
Buckingham United Kingdom,,,,,,,,,
Buckler United Kingdom,,,,,,,,,
Buffum United States,,,,,,,,,
Bugatti France,,,,,,,,,
Bugatti Germany,,,,,,,,,
Bugatti Italy,,,,,,,,,
Buick United States,,,,,,,,,
Burdick United States,,,,,,,,,
Burg United States,,,,,,,,,
Bush United States,,,,,,,,,
BYD China,,,,,,,,,
Cadillac United States,,,,,,,,,
Calthorpe United Kingdom,,,,,,,,,
Cameron United States,,,,,,,,,
Caparo United Kingdom,,,,,,,,,
Car De Luxe United States,,,,,,,,,
Car-Nation United States,,,,,,,,,
Carroll United States,,,,,,,,,
Cartercar United States,,,,,,,,,
Case Canada,,,,,,,,,
Case United States,,,,,,,,,
Castagna Italy,,,,,,,,,
Caterham United Kingdom,,,,,,,,,
Cemsa Italy,,,,,,,,,
CG France,,,,,,,,,
Chadwick United States,,,,,,,,,
Chalfant United States,,,,,,,,,
Chalmers United States,,,,,,,,,
Chalmers-Detroit United States,,,,,,,,,
Champion Germany,,,,,,,,,
Champion United States,,,,,,,,,
Chandler United States,,,,,,,,,
Changan China,,,,,,,,,
Charron France,,,,,,,,,
Checker United States,,,,,,,,,
Chenard-Walcker France,,,,,,,,,
Chery China,,,,,,,,,
Chevrolet Brazil,,,,,,,,,
Chevrolet China,,,,,,,,,
Chevrolet India,,,,,,,,,
Chevrolet Korea (South),,,,,,,,,
Chevrolet South Africa,,,,,,,,,
Chevrolet United States,,,,,,,,,
Chiribiri Italy,,,,,,,,,
Chrysler Australia,,,,,,,,,
Chrysler France,,,,,,,,,
Chrysler Spain,,,,,,,,,
Chrysler United States,,,,,,,,,
CinO United States,,,,,,,,,
Cisitalia Italy,,,,,,,,,
Citroën France,,,,,,,,,
Citroën Portugal,,,,,,,,,
Cizeta-Moroder Italy,,,,,,,,,
Clan United Kingdom,,,,,,,,,
Clark United States,,,,,,,,,
Claveau France,,,,,,,,,
CLC France,,,,,,,,,
Clément-Bayard France,,,,,,,,,
Cleveland United States,,,,,,,,,
Cleveland United States,,,,,,,,,
Climber United States,,,,,,,,,
Coates-Goshen United States,,,,,,,,,
Coey United States,,,,,,,,,
Colburn United States,,,,,,,,,
Colby United States,,,,,,,,,
Cole United States,,,,,,,,,
Colonial United States,,,,,,,,,
Coltman United Kingdom,,,,,,,,,
Columbia United States,,,,,,,,,
Columbia United States,,,,,,,,,
Comarth Spain,,,,,,,,,
Comet United States,,,,,,,,,
Comet United States,,,,,,,,,
Comet United States,,,,,,,,,
Commonwealth United States,,,,,,,,,
Compound United States,,,,,,,,,
Connaught United Kingdom,,,,,,,,,
Conover United States,,,,,,,,,
Continental United States,,,,,,,,,
Continental United States,,,,,,,,,
Continental United States,,,,,,,,,
Cooper United Kingdom,,,,,,,,,
Corbin United States,,,,,,,,,
Cord United States,,,,,,,,,
Cornelian United States,,,,,,,,,
Cornish-Friedberg United States,,,,,,,,,
Correja United States,,,,,,,,,
Costin United Kingdom,,,,,,,,,
Cottin-Desgouttes France,,,,,,,,,
Courier United States,,,,,,,,,
Covini Italy,,,,,,,,,
Craig-Toledo United States,,,,,,,,,
Crane United States,,,,,,,,,
Crawford United States,,,,,,,,,
Crescent United States,,,,,,,,,
Crespelle France,,,,,,,,,
Croesus United States,,,,,,,,,
Crossley United Kingdom,,,,,,,,,
Crow-Elkhart United States,,,,,,,,,
Crown United States,,,,,,,,,
Croxton-Keeton United States,,,,,,,,,
CSC United Kingdom,,,,,,,,,
Cudell Germany,,,,,,,,,
Cunningham United States,,,,,,,,,
Cunningham United States,,,,,,,,,
Cutting United States,,,,,,,,,
CVI United States,,,,,,,,,
Dacia Romania,,,,,,,,,
Daewoo Korea (South),,,,,,,,,
DAF Netherlands,,,,,,,,,
Dagmar United States,,,,,,,,,
Daihatsu Japan,,,,,,,,,
Daimler Germany,,,,,,,,,
Daimler United Kingdom,,,,,,,,,
Daniels United States,,,,,,,,,
Darby United States,,,,,,,,,
Darling United States,,,,,,,,,
Darracq France,,,,,,,,,
Darracq Lago France,,,,,,,,,
Datsun Japan,,,,,,,,,
Dauer Germany,,,,,,,,,
Davis United States,,,,,,,,,
Davis United States,,,,,,,,,
Davrian United Kingdom,,,,,,,,,
DB France,,,,,,,,,
DC India,,,,,,,,,
De Dietrich France,,,,,,,,,
De Dion Bouton France,,,,,,,,,
De Lorean United Kingdom,,,,,,,,,
De Soto United States,,,,,,,,,
De Tamble United States,,,,,,,,,
De Tomaso Italy,,,,,,,,,
De Vaux United States,,,,,,,,,
Deep Sanderson United Kingdom,,,,,,,,,
Deere United States,,,,,,,,,
Deering Magnetic United States,,,,,,,,,
Delage France,,,,,,,,,
Delahaye France,,,,,,,,,
Delaunay-Belleville France,,,,,,,,,
Dellow United Kingdom,,,,,,,,,
DeMot United States,,,,,,,,,
Denzel Austria,,,,,,,,,
Derby France,,,,,,,,,
Detroit Electric United States,,,,,,,,,
Detroit United States,,,,,,,,,
Detroit United States,,,,,,,,,
Detroiter United States,,,,,,,,,
Devon United States,,,,,,,,,
DFP France,,,,,,,,,
Diamond T United States,,,,,,,,,
Diana United States,,,,,,,,,
Diatto Italy,,,,,,,,,
Dinfia Argentina,,,,,,,,,
Dinos Germany,,,,,,,,,
Disbrow United States,,,,,,,,,
Dispatch United States,,,,,,,,,
Diva United Kingdom,,,,,,,,,
Dixi Germany,,,,,,,,,
Dixie Flyer United States,,,,,,,,,
DKW Germany,,,,,,,,,
DKW-Malzoni Brazil,,,,,,,,,
DKW-Vemag Brazil,,,,,,,,,
Dodge Argentina,,,,,,,,,
Dodge United States,,,,,,,,,
Dolo France,,,,,,,,,
Dolson United States,,,,,,,,,
Dome Japan,,,,,,,,,
Dorris United States,,,,,,,,,
Dort United States,,,,,,,,,
Douglas United States,,,,,,,,,
Dragon United States,,,,,,,,,
Drexel United States,,,,,,,,,
Driggs United States,,,,,,,,,
Drummond United States,,,,,,,,,
Du Pont United States,,,,,,,,,
Dudly United States,,,,,,,,,
Duesenberg United States,,,,,,,,,
Dunn United States,,,,,,,,,
Durant United States,,,,,,,,,
Dürkopp Germany,,,,,,,,,
Durocar United States,,,,,,,,,
Duryea United States,,,,,,,,,
Duryea United States,,,,,,,,,
Dutton United Kingdom,,,,,,,,,
Eagle United States,,,,,,,,,
Eagle United States,,,,,,,,,
Eagle United States,,,,,,,,,
Earl United States,,,,,,,,,
Eco Australia,,,,,,,,,
Economy United States,,,,,,,,,
Ecosse United Kingdom,,,,,,,,,
Edsel United States,,,,,,,,,
Edwards United States,,,,,,,,,
Edwards-Knight United States,,,,,,,,,
Egan Australia,,,,,,,,,
Elcar United States,,,,,,,,,
Eldredge United States,,,,,,,,,
Elfin Australia,,,,,,,,,
Elgin United States,,,,,,,,,
Elite United States,,,,,,,,,
Elmore United States,,,,,,,,,
Elva United Kingdom,,,,,,,,,
Emerson United States,,,,,,,,,
EMF United States,,,,,,,,,
Emgrand China,,,,,,,,,
Emme Brazil,,,,,,,,,
Empire United States,,,,,,,,,
Empress United States,,,,,,,,,
EMW Germany,,,,,,,,,
Enger United States,,,,,,,,,
Enzmann Switzerland,,,,,,,,,
Erie United States,,,,,,,,,
Ermini Italy,,,,,,,,,
Eshelman United States,,,,,,,,,
Essex United States,,,,,,,,,
Eureka United States,,,,,,,,,
Everitt United States,,,,,,,,,
Exagon France,,,,,,,,,
Excelsior Belgium,,,,,,,,,
FAB Belgium,,,,,,,,,
Facel Vega France,,,,,,,,,
Fafnir Germany,,,,,,,,,
Fageol United States,,,,,,,,,
Fahlke Germany,,,,,,,,,
Fairthorpe United Kingdom,,,,,,,,,
Falcon United Kingdom,,,,,,,,,
Faralli & Mazzanti Italy,,,,,,,,,
Farbio United Kingdom,,,,,,,,,
Farboud United Kingdom,,,,,,,,,
Farmack United States,,,,,,,,,
FASA-Renault Spain,,,,,,,,,
Faun Germany,,,,,,,,,
FAW China,,,,,,,,,
FBS United Kingdom,,,,,,,,,
Felino Canada,,,,,,,,,
Fergus United States,,,,,,,,,
Ferguson United Kingdom,,,,,,,,,
Ferrari Italy,,,,,,,,,
Ferris United States,,,,,,,,,
Fiat Argentina,,,,,,,,,
Fiat Brazil,,,,,,,,,
Fiat China,,,,,,,,,
Fiat Italy,,,,,,,,,
Fiat Turkey,,,,,,,,,
Fioravanti Italy,,,,,,,,,
Firestone-Columbus United States,,,,,,,,,
Fisker United States,,,,,,,,,
Fitch United States,,,,,,,,,
Flint United States,,,,,,,,,
Flyer United States,,,,,,,,,
FNM Brazil,,,,,,,,,
Ford Argentina,,,,,,,,,
Ford Australia,,,,,,,,,
Ford Brazil,,,,,,,,,
Ford France,,,,,,,,,
Ford Germany,,,,,,,,,
Ford India,,,,,,,,,
Ford South Africa,,,,,,,,,
Ford Thailand,,,,,,,,,
Ford United Kingdom,,,,,,,,,
Ford United States,,,,,,,,,
Fornasari Italy,,,,,,,,,
Fostoria United States,,,,,,,,,
Four Wheel Drive United States,,,,,,,,,
Fox United States,,,,,,,,,
Foy-Steele United Kingdom,,,,,,,,,
FPV Australia,,,,,,,,,
Framo Germany,,,,,,,,,
Francis Lombardi Italy,,,,,,,,,
Franklin United States,,,,,,,,,
Frayer-Miller United States,,,,,,,,,
Frazer Nash United Kingdom,,,,,,,,,
Frazer United States,,,,,,,,,
Fremont United States,,,,,,,,,
Friend United States,,,,,,,,,
Frisky United Kingdom,,,,,,,,,
Frontenac United States,,,,,,,,,
Frontmobile United States,,,,,,,,,
FRP United States,,,,,,,,,
FSO Poland,,,,,,,,,
Fuldamobil Germany,,,,,,,,,
Fuller United States,,,,,,,,,
Fulmina Germany,,,,,,,,,
Gaeth United States,,,,,,,,,
Gale United States,,,,,,,,,
Galloway United Kingdom,,,,,,,,,
Galy France,,,,,,,,,
Gar France,,,,,,,,,
Gardner United States,,,,,,,,,
Garford United States,,,,,,,,,
Gatford Netherlands,,,,,,,,,
GAZ Russian Federation,,,,,,,,,
Gearless United States,,,,,,,,,
Geely China,,,,,,,,,
Gem United States,,,,,,,,,
Genesee United States,,,,,,,,,
Geneva United States,,,,,,,,,
Geo United States,,,,,,,,,
Geronimo United States,,,,,,,,,
Ghia Italy,,,,,,,,,
Giannini Italy,,,,,,,,,
Gilbern United Kingdom,,,,,,,,,
Gillet Belgium,,,,,,,,,
Ginetta United Kingdom,,,,,,,,,
Giugiaro Italy,,,,,,,,,
GJG United States,,,,,,,,,
GKN United Kingdom,,,,,,,,,
Glas Germany,,,,,,,,,
Glide United States,,,,,,,,,
Globe United States,,,,,,,,,
GM United States,,,,,,,,,
GN United Kingdom,,,,,,,,,
Gnome United Kingdom,,,,,,,,,
Gobron France,,,,,,,,,
Goggomobil Germany,,,,,,,,,
Goliath Germany,,,,,,,,,
Goodchild United Kingdom,,,,,,,,,
Goodspeed United States,,,,,,,,,
Gordon Murray Design United Kingdom,,,,,,,,,
Gordon-Keeble United Kingdom,,,,,,,,,
Graciela Argentina,,,,,,,,,
Grade Germany,,,,,,,,,
Gräf und Stift Austria,,,,,,,,,
Graham United States,,,,,,,,,
Grant United States,,,,,,,,,
Gray United States,,,,,,,,,
Great Eagle United States,,,,,,,,,
Great Smith United States,,,,,,,,,
Great Southern United States,,,,,,,,,
Great Wall China,,,,,,,,,
Great Western United States,,,,,,,,,
Gregoire France,,,,,,,,,
Griffith United States,,,,,,,,,
Grout United States,,,,,,,,,
GSM South Africa,,,,,,,,,
Gumpert Germany,,,,,,,,,
Gurgel Brazil,,,,,,,,,
Gutbrod Germany,,,,,,,,,
Guy United Kingdom,,,,,,,,,
Hackett United States,,,,,,,,,
HAL United States,,,,,,,,,
Halladay United States,,,,,,,,,
Hamlin-Holmes United States,,,,,,,,,
Hammel Denmark,,,,,,,,,
Hampton United Kingdom,,,,,,,,,
Handley-Knight United States,,,,,,,,,
Hanomag Germany,,,,,,,,,
Hanover United States,,,,,,,,,
Hansa Germany,,,,,,,,,
Hanson United States,,,,,,,,,
Harding United States,,,,,,,,,
Harroun United States,,,,,,,,,
Harvard United States,,,,,,,,,
Hatfield United States,,,,,,,,,
Havers United States,,,,,,,,,
Hawtai China,,,,,,,,,
Hay-Berg United States,,,,,,,,,
Haynes United States,,,,,,,,,
HCS United States,,,,,,,,,
Healey United Kingdom,,,,,,,,,
Heifner United States,,,,,,,,,
Heine-Velox United States,,,,,,,,,
Heinkel Germany,,,,,,,,,
Henderson United States,,,,,,,,,
Hennessey United States,,,,,,,,,
Henry United States,,,,,,,,,
Herff-Brooks United States,,,,,,,,,
Herreshoff United States,,,,,,,,,
Hertz United States,,,,,,,,,
Heuliez France,,,,,,,,,
Hewitt United States,,,,,,,,,
Hill United States,,,,,,,,,
Hillman United Kingdom,,,,,,,,,
Hilton United States,,,,,,,,,
Hindustan India,,,,,,,,,
Hino Japan,,,,,,,,,
Hispano Suiza France,,,,,,,,,
Hispano Suiza Spain,,,,,,,,,
Holden Australia,,,,,,,,,
Holland Car Ethiopia,,,,,,,,,
Hollier United States,,,,,,,,,
Holmes United States,,,,,,,,,
Homer Laughlin United States,,,,,,,,,
Hommell France,,,,,,,,,
Honda China,,,,,,,,,
Honda China,,,,,,,,,
Honda Japan,,,,,,,,,
Honda Thailand,,,,,,,,,
Hongki China,,,,,,,,,
Horch Germany,,,,,,,,,
Hotchkiss France,,,,,,,,,
Houpt United States,,,,,,,,,
Howard United States,,,,,,,,,
Howard United States,,,,,,,,,
HRG United Kingdom,,,,,,,,,
HSV Australia,,,,,,,,,
Hudson United States,,,,,,,,,
Huffman United States,,,,,,,,,
Hulme New Zealand (Aotearoa),,,,,,,,,
Humber United Kingdom,,,,,,,,,
Hupmobile United States,,,,,,,,,
Hurmid United Kingdom,,,,,,,,,
Hurtu France,,,,,,,,,
Hyundai India,,,,,,,,,
Hyundai Korea (South),,,,,,,,,
IAME Argentina,,,,,,,,,
Ideal Spain,,,,,,,,,
IFA Germany,,,,,,,,,
IFR Spain,,,,,,,,,
IKA Argentina,,,,,,,,,
Illinois United States,,,,,,,,,
Imp United States,,,,,,,,,
Imperial Belgium,,,,,,,,,
Imperial United States,,,,,,,,,
Infiniti Japan,,,,,,,,,
Innocenti Italy,,,,,,,,,
Inter-State United States,,,,,,,,,
Intermeccanica Italy,,,,,,,,,
International Harvester United States,,,,,,,,,
Invicta United Kingdom,,,,,,,,,
Iota United Kingdom,,,,,,,,,
Iran Khodro Iran,,,,,,,,,
Irmscher Germany,,,,,,,,,
Iroquois United States,,,,,,,,,
Isatis France,,,,,,,,,
Isdera Germany,,,,,,,,,
Isetta Italy,,,,,,,,,
Iso Italy,,,,,,,,,
Isotta-Fraschini Italy,,,,,,,,,
Isuzu Japan,,,,,,,,,
Itala Italy,,,,,,,,,
Italdesign Italy,,,,,,,,,
Izh Russian Federation,,,,,,,,,
JAC China,,,,,,,,,
Jackson United Kingdom,,,,,,,,,
Jackson United States,,,,,,,,,
Jacquet United States,,,,,,,,,
Jaguar United Kingdom,,,,,,,,,
Jamos Austria,,,,,,,,,
Jarvis-Huntington United States,,,,,,,,,
Jeep United States,,,,,,,,,
Jeffery United States,,,,,,,,,
Jenkins United States,,,,,,,,,
Jensen United Kingdom,,,,,,,,,
Jiotto Japan,,,,,,,,,
Jones United States,,,,,,,,,
Jonz United States,,,,,,,,,
Jordan United States,,,,,,,,,
Jösse Car Sweden,,,,,,,,,
Joswin Germany,,,,,,,,,
Jowett United Kingdom,,,,,,,,,
Kaiser United States,,,,,,,,,
Kato United States,,,,,,,,,
Kauffman United States,,,,,,,,,
Keeton United States,,,,,,,,,
Keller United States,,,,,,,,,
Kelsey United States,,,,,,,,,
Ken Okuyama Design Japan,,,,,,,,,
Kent United States,,,,,,,,,
Kenworthy United States,,,,,,,,,
Keystone United States,,,,,,,,,
Kia Korea (South),,,,,,,,,
Kieft United Kingdom,,,,,,,,,
King United States,,,,,,,,,
Kissel United States,,,,,,,,,
Kisselkar United States,,,,,,,,,
Kleinschnittger Germany,,,,,,,,,
Kline Kar United States,,,,,,,,,
Klink United States,,,,,,,,,
Knox United States,,,,,,,,,
Koenig Germany,,,,,,,,,
Koenigsegg Sweden,,,,,,,,,
Krit United States,,,,,,,,,
KTM Austria,,,,,,,,,
Kurtz United States,,,,,,,,,
La Buire France,,,,,,,,,
La Fayette United States,,,,,,,,,
La Marne United States,,,,,,,,,
La Ponette France,,,,,,,,,
La Salle United States,,,,,,,,,
Lagonda United Kingdom,,,,,,,,,
Lambert France,,,,,,,,,
Lambert United States,,,,,,,,,
Lamborghini Italy,,,,,,,,,
Lammas-Graham United Kingdom,,,,,,,,,
Lanchester United Kingdom,,,,,,,,,
Lancia Italy,,,,,,,,,
Land Rover United Kingdom,,,,,,,,,
Laraki Morocco,,,,,,,,,
Laurel United States,,,,,,,,,
Laurin & Klement Austria,,,,,,,,,
Lauth-Juergens United States,,,,,,,,,
Lawil Italy,,,,,,,,,
Le Zebre France,,,,,,,,,
Lea-Francis United Kingdom,,,,,,,,,
Leach United States,,,,,,,,,
Leader United Kingdom,,,,,,,,,
Leader United States,,,,,,,,,
Leblanc Switzerland,,,,,,,,,
Ledl Austria,,,,,,,,,
Leidart United Kingdom,,,,,,,,,
Lenox United States,,,,,,,,,
Léon Bollée France,,,,,,,,,
Lewis United States,,,,,,,,,
Lexington United States,,,,,,,,,
Lexus Japan,,,,,,,,,
Leyland Australia,,,,,,,,,
Leyland South Africa,,,,,,,,,
Leyland United Kingdom,,,,,,,,,
Liberty United States,,,,,,,,,
Licorne France,,,,,,,,,
Lifan China,,,,,,,,,
Light Car Company United Kingdom,,,,,,,,,
Ligier France,,,,,,,,,
Lincoln United States,,,,,,,,,
Lion United States,,,,,,,,,
Lizard Switzerland,,,,,,,,,
Lloyd Germany,,,,,,,,,
Lloyd United Kingdom,,,,,,,,,
LMX Italy,,,,,,,,,
Locomobile United States,,,,,,,,,
Logan United States,,,,,,,,,
Lola United Kingdom,,,,,,,,,
Lombard France,,,,,,,,,
Loomis United States,,,,,,,,,
Lorraine Dietrich France,,,,,,,,,
Lorraine France,,,,,,,,,
Lorraine United States,,,,,,,,,
Lotec Germany,,,,,,,,,
Lotus United Kingdom,,,,,,,,,
Lozier United States,,,,,,,,,
LTI United Kingdom,,,,,,,,,
Lutzmann Germany,,,,,,,,,
Luverne United States,,,,,,,,,
Madison United States,,,,,,,,,
Magna Steyr Germany,,,,,,,,,
Magnum Canada,,,,,,,,,
Mahindra India,,,,,,,,,
Maibohm United States,,,,,,,,,
Maico Germany,,,,,,,,,
Majestic United States,,,,,,,,,
Manexall United States,,,,,,,,,
Marathon France,,,,,,,,,
Marauder United Kingdom,,,,,,,,,
Marcos United Kingdom,,,,,,,,,
Marendaz Special United Kingdom,,,,,,,,,
Marion United States,,,,,,,,,
Marion-Handley United States,,,,,,,,,
Marmon United States,,,,,,,,,
Marquette United States,,,,,,,,,
Marshall United States,,,,,,,,,
Martin United States,,,,,,,,,
Martini Switzerland,,,,,,,,,
Maruti India,,,,,,,,,
Marvel United States,,,,,,,,,
Maryland United States,,,,,,,,,
Maserati Italy,,,,,,,,,
Mason United States,,,,,,,,,
Master United States,,,,,,,,,
Mastretta Mexico,,,,,,,,,
Matheson United States,,,,,,,,,
Mathis France,,,,,,,,,
Matra Bonnet France,,,,,,,,,
Matra France,,,,,,,,,
Matra-Simca France,,,,,,,,,
Matra-Talbot France,,,,,,,,,
Maudslay United Kingdom,,,,,,,,,
Maxwell United States,,,,,,,,,
Maybach Germany,,,,,,,,,
Mazda Japan,,,,,,,,,
Mazda South Africa,,,,,,,,,
MBM Switzerland,,,,,,,,,
MCA Monaco,,,,,,,,,
MCC Germany,,,,,,,,,
McCue United States,,,,,,,,,
McFarlan United States,,,,,,,,,
McIntyre United States,,,,,,,,,
McLaren United Kingdom,,,,,,,,,
Mean Belgium,,,,,,,,,
Mebea Greece,,,,,,,,,
Mecca United States,,,,,,,,,
Mega France,,,,,,,,,
Melkus Germany,,,,,,,,,
Mercedes Germany,,,,,,,,,
Mercedes-Benz Germany,,,,,,,,,
Mercer United States,,,,,,,,,
Mercury United States,,,,,,,,,
Merit United States,,,,,,,,,
Merkur United States,,,,,,,,,
Merz United States,,,,,,,,,
Messerschmitt Germany,,,,,,,,,
Metallurgique Belgium,,,,,,,,,
Meteor United States,,,,,,,,,
Meteor United States,,,,,,,,,
Metrocab United Kingdom,,,,,,,,,
Metropol United States,,,,,,,,,
Metropolitan United Kingdom,,,,,,,,,
Metz United States,,,,,,,,,
MG United Kingdom,,,,,,,,,
Michigan United States,,,,,,,,,
Middleby United States,,,,,,,,,
Midland United States,,,,,,,,,
Mier United States,,,,,,,,,
Mieusset France,,,,,,,,,
Mikasa Japan,,,,,,,,,
Mikrus Poland,,,,,,,,,
Miller United States,,,,,,,,,
Minerva Belgium,,,,,,,,,
MINI Germany,,,,,,,,,
Mini United Kingdom,,,,,,,,,
Mitchell United States,,,,,,,,,
Mitsubishi Australia,,,,,,,,,
Mitsubishi Japan,,,,,,,,,
Mitsuoka Japan,,,,,,,,,
Model United States,,,,,,,,,
Mohs United States,,,,,,,,,
Moline United States,,,,,,,,,
Moline-Knight United States,,,,,,,,,
Moll Germany,,,,,,,,,
Moller United States,,,,,,,,,
Momo Italy,,,,,,,,,
Monarch United States,,,,,,,,,
Monica France,,,,,,,,,
Monitor United States,,,,,,,,,
Monroe United States,,,,,,,,,
Monteverdi Switzerland,,,,,,,,,
Moon United States,,,,,,,,,
Moore United States,,,,,,,,,
Mora United States,,,,,,,,,
Moretti Italy,,,,,,,,,
Morgan United Kingdom,,,,,,,,,
Morris United Kingdom,,,,,,,,,
Mors France,,,,,,,,,
Morse United States,,,,,,,,,
Mosler United States,,,,,,,,,
Moveo United Kingdom,,,,,,,,,
Moyea United States,,,,,,,,,
Moyer United States,,,,,,,,,
Multiplex United States,,,,,,,,,
Muntz United States,,,,,,,,,
Murray United States,,,,,,,,,
Murray-Mac United States,,,,,,,,,
MVS France,,,,,,,,,
NAG Germany,,,,,,,,,
Nance United States,,,,,,,,,
Napier United Kingdom,,,,,,,,,
Napoleon United States,,,,,,,,,
Nardi Italy,,,,,,,,,
Nash United States,,,,,,,,,
National United States,,,,,,,,,
Nazzaro Italy,,,,,,,,,
Nelson United States,,,,,,,,,
New Orleans United Kingdom,,,,,,,,,
Niagara United States,,,,,,,,,
Nissan India,,,,,,,,,
Nissan Japan,,,,,,,,,
Nissan United Kingdom,,,,,,,,,
Nobel Ireland,,,,,,,,,
Noble United Kingdom,,,,,,,,,
Noma United States,,,,,,,,,
Nomad United Kingdom,,,,,,,,,
Nordenfelt France,,,,,,,,,
Northern United States,,,,,,,,,
Northway United States,,,,,,,,,
Norwalk United States,,,,,,,,,
NSU Germany,,,,,,,,,
Nyberg United States,,,,,,,,,
Oakland United States,,,,,,,,,
Obvio! Brazil,,,,,,,,,
ODA Russian Federation,,,,,,,,,
Ogle United Kingdom,,,,,,,,,
Ogren United States,,,,,,,,,
Ohio United States,,,,,,,,,
Ohta Japan,,,,,,,,,
Oka Russian Federation,,,,,,,,,
Okey United States,,,,,,,,,
Oldsmobile United States,,,,,,,,,
Oltcit Romania,,,,,,,,,
Olympian United States,,,,,,,,,
OM Italy,,,,,,,,,
Omikron Germany,,,,,,,,,
Only United States,,,,,,,,,
Opel Germany,,,,,,,,,
Opel South Africa,,,,,,,,,
Opes Italy,,,,,,,,,
Orca Switzerland,,,,,,,,,
Osca Italy,,,,,,,,,
OSI Italy,,,,,,,,,
Otosan Turkey,,,,,,,,,
Overland United States,,,,,,,,,
Owen Magnetic United States,,,,,,,,,
Owen United States,,,,,,,,,
Pacific Special United States,,,,,,,,,
Packard United States,,,,,,,,,
Pag Brazil,,,,,,,,,
Pagani Italy,,,,,,,,,
Paige United States,,,,,,,,,
Paige-Detroit United States,,,,,,,,,
Palmer-Singer United States,,,,,,,,,
Pan American United States,,,,,,,,,
Pan United States,,,,,,,,,
Panhard et Levassor France,,,,,,,,,
Panhard France,,,,,,,,,
Panoz United States,,,,,,,,,
Panther United Kingdom,,,,,,,,,
Paragon United States,,,,,,,,,
Paramount United Kingdom,,,,,,,,,
Parenti United States,,,,,,,,,
Parry United States,,,,,,,,,
Partin-Palmer United States,,,,,,,,,
Paterson United States,,,,,,,,,
Pathfinder United States,,,,,,,,,
Paykan Iran,,,,,,,,,
Payne-Modern United States,,,,,,,,,
Peel United Kingdom,,,,,,,,,
Peerless United Kingdom,,,,,,,,,
Peerless United States,,,,,,,,,
Pegaso Spain,,,,,,,,,
Pennsylvania United States,,,,,,,,,
Perana South Africa,,,,,,,,,
Perfection United States,,,,,,,,,
Perfex United States,,,,,,,,,
Perodua Malaysia,,,,,,,,,
Perry United Kingdom,,,,,,,,,
Petrel United States,,,,,,,,,
Peugeot France,,,,,,,,,
PGO France,,,,,,,,,
Phantom Corsair United States,,,,,,,,,
Phianna United States,,,,,,,,,
Piedmont United States,,,,,,,,,
Pierce United States,,,,,,,,,
Pierce-Arrow United States,,,,,,,,,
Pierce-Racine United States,,,,,,,,,
Pilain France,,,,,,,,,
Pilot United States,,,,,,,,,
Pinguin Germany,,,,,,,,,
Pininfarina Italy,,,,,,,,,
Piontek United States,,,,,,,,,
Playboy United States,,,,,,,,,
Plymouth United States,,,,,,,,,
Pontiac Canada,,,,,,,,,
Pontiac United States,,,,,,,,,
Pope-Hartford United States,,,,,,,,,
Pope-Toledo United States,,,,,,,,,
Pope-Tribune United States,,,,,,,,,
Porsche Germany,,,,,,,,,
Porter United States,,,,,,,,,
Powercar United States,,,,,,,,,
Prado United States,,,,,,,,,
Premier India,,,,,,,,,
Premier United States,,,,,,,,,
Premocar United States,,,,,,,,,
Prince Japan,,,,,,,,,
Princess United Kingdom,,,,,,,,,
Princess United States,,,,,,,,,
Prodrive United Kingdom,,,,,,,,,
Proto Korea (South),,,,,,,,,
Proton Malaysia,,,,,,,,,
Protos Germany,,,,,,,,,
PTV Spain,,,,,,,,,
Pullman United States,,,,,,,,,
Puma Brazil,,,,,,,,,
Pungs-Finch United States,,,,,,,,,
Queen United States,,,,,,,,,
Qvale United States,,,,,,,,,
R & V Knight United States,,,,,,,,,
Radical United Kingdom,,,,,,,,,
Railton United Kingdom,,,,,,,,,
Rainier United States,,,,,,,,,
Raleigh United States,,,,,,,,,
Rambler United States,,,,,,,,,
Rambler United States,,,,,,,,,
Ranger United States,,,,,,,,,
Rapier United Kingdom,,,,,,,,,
Rapier United States,,,,,,,,,
Rapport United Kingdom,,,,,,,,,
Rayfield United States,,,,,,,,,
Raymond Mays United Kingdom,,,,,,,,,
RCH United States,,,,,,,,,
Red Flag China,,,,,,,,,
Rees United States,,,,,,,,,
Regal United States,,,,,,,,,
Reliant United Kingdom,,,,,,,,,
Renault Argentina,,,,,,,,,
Renault Brazil,,,,,,,,,
Renault France,,,,,,,,,
René-Bonnet France,,,,,,,,,
REO United States,,,,,,,,,
Repco Australia,,,,,,,,,
Republic United States,,,,,,,,,
Revere United States,,,,,,,,,
Richard & Hering Germany,,,,,,,,,
RiChard United States,,,,,,,,,
Richmond United States,,,,,,,,,
Rickenbacker United States,,,,,,,,,
Ricketts United States,,,,,,,,,
Rider-Lewis United States,,,,,,,,,
Riley United Kingdom,,,,,,,,,
Rinspeed Switzerland,,,,,,,,,
Ritter United States,,,,,,,,,
Riviera United States,,,,,,,,,
Roamer United States,,,,,,,,,
Rochdale United Kingdom,,,,,,,,,
Rochet-Schneider France,,,,,,,,,
Rock Falls United States,,,,,,,,,
Rodgers United States,,,,,,,,,
Roewe China,,,,,,,,,
Rolls-Royce United Kingdom,,,,,,,,,
Rosengart France,,,,,,,,,
Ross United States,,,,,,,,,
Rossel France,,,,,,,,,
Rover United Kingdom,,,,,,,,,
Rovin France,,,,,,,,,
Royal Tourist United States,,,,,,,,,
Royce United Kingdom,,,,,,,,,
Ruby France,,,,,,,,,
Ruf Germany,,,,,,,,,
Rumpler Germany,,,,,,,,,
Russell Canada,,,,,,,,,
Russo-Baltique Russian Federation,,,,,,,,,
Ruston-Hornsby United Kingdom,,,,,,,,,
S & M United States,,,,,,,,,
Saab Sweden,,,,,,,,,
Saipa Iran,,,,,,,,,
Saleen United States,,,,,,,,,
Salmson France,,,,,,,,,
Salter United States,,,,,,,,,
Sampson United States,,,,,,,,,
Samsung Korea (South),,,,,,,,,
San India,,,,,,,,,
Saturn United States,,,,,,,,,
SAVA Belgium,,,,,,,,,
Saxon United States,,,,,,,,,
Saxon-Duplex United States,,,,,,,,,
Sayers United States,,,,,,,,,
Sbarro Switzerland,,,,,,,,,
Scacchi Italy,,,,,,,,,
Scania-Vabis Sweden,,,,,,,,,
Schacht United States,,,,,,,,,
Schlosser United States,,,,,,,,,
Scion Japan,,,,,,,,,
Scootacar United Kingdom,,,,,,,,,
Scott United Kingdom,,,,,,,,,
Scripps-Booth United States,,,,,,,,,
Searchmont United States,,,,,,,,,
Sears United States,,,,,,,,,
Seat Spain,,,,,,,,,
Selden United States,,,,,,,,,
Sellers United States,,,,,,,,,
Selve Germany,,,,,,,,,
Senator United States,,,,,,,,,
Seneca United States,,,,,,,,,
Sera France,,,,,,,,,
Serenissima Italy,,,,,,,,,
Servitor United States,,,,,,,,,
Severin United States,,,,,,,,,
SGV United States,,,,,,,,,
Shad-Wyck United States,,,,,,,,,
Shamrock Ireland,,,,,,,,,
Shanghai China,,,,,,,,,
Sharp Arrow United States,,,,,,,,,
Shaw United States,,,,,,,,,
Shawmut United States,,,,,,,,,
Sheffield-Simplex United Kingdom,,,,,,,,,
Shelby Super Cars United States,,,,,,,,,
Shelby United States,,,,,,,,,
Sheridan United States,,,,,,,,,
Shibaura Japan,,,,,,,,,
Shoemaker United States,,,,,,,,,
Siata Italy,,,,,,,,,
Simca Brazil,,,,,,,,,
Simca France,,,,,,,,,
Simca Vedette France,,,,,,,,,
Simplex United States,,,,,,,,,
Simplicity United States,,,,,,,,,
Simson Germany,,,,,,,,,
Singer United Kingdom,,,,,,,,,
Singer United States,,,,,,,,,
Sizaire-Berwick France,,,,,,,,,
Sizaire-Naudin France,,,,,,,,,
SJR United States,,,,,,,,,
Skelton United States,,,,,,,,,
Skoda Czech Republic,,,,,,,,,
smart Germany,,,,,,,,,
Smyjk Poland,,,,,,,,,
Sommer United States,,,,,,,,,
Sovam France,,,,,,,,,
Sovereign United States,,,,,,,,,
SPA Italy,,,,,,,,,
Spadaconcept Italy,,,,,,,,,
Spaulding United States,,,,,,,,,
Spectre United Kingdom,,,,,,,,,
Speedwell United States,,,,,,,,,
Sphinx United States,,,,,,,,,
Spoerer United States,,,,,,,,,
Springfield United States,,,,,,,,,
Spyker Netherlands,,,,,,,,,
Squire United Kingdom,,,,,,,,,
SRT United States,,,,,,,,,
Ssangyong Korea (South),,,,,,,,,
St Louis United States,,,,,,,,,
Sta Matilde Brazil,,,,,,,,,
Stafford United States,,,,,,,,,
Standard Germany,,,,,,,,,
Standard India,,,,,,,,,
Standard United Kingdom,,,,,,,,,
Standard United States,,,,,,,,,
Standard United States,,,,,,,,,
Stanguellini Italy,,,,,,,,,
Stanley United States,,,,,,,,,
Stanwood United States,,,,,,,,,
Star United Kingdom,,,,,,,,,
Starline India,,,,,,,,,
States United States,,,,,,,,,
Staver United States,,,,,,,,,
Stearns United States,,,,,,,,,
Stearns-Knight United States,,,,,,,,,
Steiger Germany,,,,,,,,,
Stephens United States,,,,,,,,,
Sterling United States,,,,,,,,,
Sterling-Knight United States,,,,,,,,,
Stevens-Duryea United States,,,,,,,,,
Stewart United States,,,,,,,,,
Steyr Austria,,,,,,,,,
Steyr-Puch Austria,,,,,,,,,
Stickney United States,,,,,,,,,
Stilson United States,,,,,,,,,
Stoddard-Dayton United States,,,,,,,,,
Stoewer Germany,,,,,,,,,
Storero Italy,,,,,,,,,
Straker-Squire United Kingdom,,,,,,,,,
Strathcarron United Kingdom,,,,,,,,,
Studebaker United States,,,,,,,,,
Sturtevant United States,,,,,,,,,
Stutz United States,,,,,,,,,
Subaru Japan,,,,,,,,,
Suminoe Japan,,,,,,,,,
Sun United States,,,,,,,,,
Sunbeam United Kingdom,,,,,,,,,
Sunbeam-Talbot United Kingdom,,,,,,,,,
Superleggera Touring Italy,,,,,,,,,
Suzuki India,,,,,,,,,
Suzuki Japan,,,,,,,,,
Suzulight Japan,,,,,,,,,
Swallow Doretti United Kingdom,,,,,,,,,
Syrena Poland,,,,,,,,,
Szawe Germany,,,,,,,,,
Talbot France,,,,,,,,,
Talbot Spain,,,,,,,,,
Talbot United Kingdom,,,,,,,,,
Talbot-Lago France,,,,,,,,,
Tamplin United Kingdom,,,,,,,,,
Tata India,,,,,,,,,
Tatra Czech Republic,,,,,,,,,
Taylor United Kingdom,,,,,,,,,
Tchaika Russian Federation,,,,,,,,,
Temperino Italy,,,,,,,,,
Templar United States,,,,,,,,,
Tesla United States,,,,,,,,,
Texan United States,,,,,,,,,
Th. Schneider France,,,,,,,,,
Thames United Kingdom,,,,,,,,,
Think Norway,,,,,,,,,
Thomas United States,,,,,,,,,
Thor United Kingdom,,,,,,,,,
Tincher United States,,,,,,,,,
TMC Ireland,,,,,,,,,
TMG Germany,,,,,,,,,
Tofas Turkey,,,,,,,,,
Tommy Japan,,,,,,,,,
Tornado United Kingdom,,,,,,,,,
Touraine United States,,,,,,,,,
Touraine United States,,,,,,,,,
Tourist United States,,,,,,,,,
Toyoda Japan,,,,,,,,,
Toyopet Japan,,,,,,,,,
Toyota Australia,,,,,,,,,
Toyota Indonesia,,,,,,,,,
Toyota Japan,,,,,,,,,
Toyota Thailand,,,,,,,,,
Toyota United States,,,,,,,,,
Trabant Germany,,,,,,,,,
Tracta France,,,,,,,,,
Traveler United States,,,,,,,,,
Traveler United States,,,,,,,,,
Traveller United States,,,,,,,,,
Trebert United States,,,,,,,,,
Treser Germany,,,,,,,,,
Tribune United States,,,,,,,,,
Trident United Kingdom,,,,,,,,,
Trippel Germany,,,,,,,,,
Triumph United Kingdom,,,,,,,,,
Triumph United States,,,,,,,,,
Trojan United Kingdom,,,,,,,,,
Trumbull United States,,,,,,,,,
Trumpchi China,,,,,,,,,
Tsukuba Japan,,,,,,,,,
Tucker United States,,,,,,,,,
Tulsa United States,,,,,,,,,
Turcat-Méry France,,,,,,,,,
Turner United Kingdom,,,,,,,,,
TVR United Kingdom,,,,,,,,,
Twombly United States,,,,,,,,,
Twyford United States,,,,,,,,,
TZ Spain,,,,,,,,,
Ultima United Kingdom,,,,,,,,,
UMM Portugal,,,,,,,,,
Unic France,,,,,,,,,
Unicar United Kingdom,,,,,,,,,
Union United States,,,,,,,,,
Unipower United Kingdom,,,,,,,,,
Upton United States,,,,,,,,,
Upton United States,,,,,,,,,
US Long Distance United States,,,,,,,,,
Vaillante France,,,,,,,,,
Vale United Kingdom,,,,,,,,,
Vanden Plas United Kingdom,,,,,,,,,
Vandenbrink Netherlands,,,,,,,,,
Vaughan United States,,,,,,,,,
Vauxhall Germany,,,,,,,,,
Vauxhall United Kingdom,,,,,,,,,
VAZ Russian Federation,,,,,,,,,
Vector United States,,,,,,,,,
Vegantune United Kingdom,,,,,,,,,
Velie United States,,,,,,,,,
Velorex Czech Republic,,,,,,,,,
Vemac Japan,,,,,,,,,
Vencer Netherlands,,,,,,,,,
Venturi France,,,,,,,,,
Venucia China,,,,,,,,,
Vermorel France,,,,,,,,,
Vernon United States,,,,,,,,,
Vernon-Derby France,,,,,,,,,
Vespa France,,,,,,,,,
Veyrat France,,,,,,,,,
Victoria Germany,,,,,,,,,
Vignale Italy,,,,,,,,,
Vixen United States,,,,,,,,,
VL United States,,,,,,,,,
VLF United States,,,,,,,,,
Vogue United States,,,,,,,,,
Voisin France,,,,,,,,,
Volkswagen Brazil,,,,,,,,,
Volkswagen China,,,,,,,,,
Volkswagen Germany,,,,,,,,,
Volkswagen India,,,,,,,,,
Volkswagen Japan,,,,,,,,,
Volkswagen Mexico,,,,,,,,,
Volkswagen Nigeria,,,,,,,,,
Volkswagen South Africa,,,,,,,,,
Volkswagen United States,,,,,,,,,
Volvo Netherlands,,,,,,,,,
Volvo Sweden,,,,,,,,,
V_hl Mexico,,,,,,,,,
Vulcan United Kingdom,,,,,,,,,
Vulcan United States,,,,,,,,,
W Motors United Arab Emirates,,,,,,,,,
Waco United States,,,,,,,,,
Wahl United States,,,,,,,,,
Walter United States,,,,,,,,,
Waltham United States,,,,,,,,,
Wanderer Germany,,,,,,,,,
Warren-Detroit United States,,,,,,,,,
Warren-Lambert United Kingdom,,,,,,,,,
Warszawa Poland,,,,,,,,,
Wartburg Germany,,,,,,,,,
Warwick United Kingdom,,,,,,,,,
Washington United States,,,,,,,,,
Washington United States,,,,,,,,,
Wasp United States,,,,,,,,,
Watt United States,,,,,,,,,
Waverley United Kingdom,,,,,,,,,
Wayne United States,,,,,,,,,
Weber Sportscars Switzerland,,,,,,,,,
Weigel United Kingdom,,,,,,,,,
Welch United States,,,,,,,,,
Wendax Germany,,,,,,,,,
Westcott United States,,,,,,,,,
Westinghouse France,,,,,,,,,
WFS United States,,,,,,,,,
Wharton United States,,,,,,,,,
White United States,,,,,,,,,
Whiting United States,,,,,,,,,
Wick United States,,,,,,,,,
Wiesmann Germany,,,,,,,,,
Wiima Finland,,,,,,,,,
Wilcox United States,,,,,,,,,
Wills Sainte Claire United States,,,,,,,,,
Willys United States,,,,,,,,,
Willys-Knight United States,,,,,,,,,
Willys-Overland Brazil,,,,,,,,,
Willys-Overland United States,,,,,,,,,
Windhoff Germany,,,,,,,,,
Winther United States,,,,,,,,,
Winton United States,,,,,,,,,
Wisco United States,,,,,,,,,
Wolfe United States,,,,,,,,,
Wolseley United Kingdom,,,,,,,,,
Wolverine United States,,,,,,,,,
Woodill United States,,,,,,,,,
Woodrow United Kingdom,,,,,,,,,
Woods United States,,,,,,,,,
Worth United States,,,,,,,,,
Wyeth United States,,,,,,,,,
Yale United States,,,,,,,,,
Yamaha Japan,,,,,,,,,
Yaxa Switzerland,,,,,,,,,
Yes! Germany,,,,,,,,,
York Pullman United States,,,,,,,,,
Yue Loong China,,,,,,,,,
Zagato Italy,,,,,,,,,
Zastava Yugoslavia,,,,,,,,,
Zato Germany,,,,,,,,,
ZAZ Ukraine,,,,,,,,,
Zédel France,,,,,,,,,
Zender Germany,,,,,,,,,
Zenos United Kingdom,,,,,,,,,
Zenvo Denmark,,,,,,,,,
Zeta Australia,,,,,,,,,
Zhonghua China,,,,,,,,,
ZIL Russian Federation,,,,,,,,,
Zimmerman United States,,,,,,,,,
Zip United States,,,,,,,,,
ZIS Russian Federation,,,,,,,,,
Zotye China,,,,,,,,,
Zündapp Germany,,,,,,,,,
Zunder Argentina,,,,,,,,,
Züst Italy,,,,,,,,,